1/1/21,New Years Day,
1/1/21,National Hangover Day,
1/1/21,National Bloody Mary Day,
1/2/21,National Science Fiction Day,
1/2/21,National Personal Trainer Awareness Day,
1/2/21,National Buffet Day,
1/2/21,National Cream Puff Day,
1/3/21,National Chocolate Covered Cherry Day,
1/3/21,National Drinking Straw Day,
1/3/21,National Fruitcake Toss Day,
1/4/21,National Spaghetti Day,
1/4/21,National Missouri Day,
1/4/21,National Trivia Day,
1/4/21,National Thank God It’s Monday Day,
1/5/21,National Keto Day,
1/5/21,National Bird Day,
1/5/21,National Whipped Cream Day,
1/5/21,National Screenwriters Day,
1/6/21,Bean Day,
1/6/21,National Shortbread Day,
1/6/21,National Technology Day,
1/6/21,National Cuddle Up Day,
1/7/21,National Bobblehead Day,
1/7/21,National Tempura Day,
1/8/21,National Argyle Day,
1/8/21,National Bubble Bath Day,
1/8/21,National English Toffee Day,
1/8/21,National JoyGerm Day,
1/8/21,National Winter Skin Relief Day,
1/9/21,National Apricot Day,
1/9/21,National Law Enforcement Appreciation Day,
1/9/21,National Static Electricity Day,
1/9/21,National Vision Board Day,
1/10/21,National Bittersweet Chocolate Day,
1/10/21,National Cut Your Energy Costs Day,
1/10/21,National Oysters Rockefeller Day,
1/10/21,National Save The Eagles Day,
1/10/21,National Sunday Supper Day,
1/11/21,National Arkansas Day,
1/11/21,National Milk Day,
1/11/21,National Human Trafficking Awareness Day,
1/11/21,National Step in the Puddle and Splash Your Friends Day,
1/11/21,National Clean Off Your Desk Day,
1/12/21,Kiss A Ginger Day,
1/12/21,National Pharmacist Day,
1/12/21,National Curried Chicken Day,
1/12/21,National Marzipan Day,
1/12/21,Shop for Travel Day,
1/13/21,Korean American Day,
1/13/21,National Sticker Day,
1/13/21,National Rubber Ducky Day,
1/13/21,National Peach Melba Day,
1/14/21,National Hot Pastrami Sandwich Day,
1/14/21,National Dress Up Your Pet Day,
1/14/21,Ratification Day,
1/15/21,National Bagel Day,
1/15/21,National Hat Day,
1/15/21,National Booch Day,
1/15/21,National Strawberry Ice Cream Day,
1/16/21,Nothing Day,
1/16/21,National Without a Scalpel Day,
1/16/21,National Religious Freedom Day,
1/16/21,National Fig Newton Day,
1/17/21,National Hot Buttered Rum Day,
1/17/21,National Bootlegger’s Day,
1/18/21,Winnie The Pooh Day,
1/18/21,National Peking Duck Day,
1/18/21,National Thesaurus Day,
1/18/21,National Michigan Day,
1/18/21,Blue Monday,
1/19/21,World Quark Day,
1/19/21,National Popcorn Day,
1/20/21,Penguin Awareness Day,
1/20/21,National Buttercrunch Day,
1/20/21,National Disc Jockey Day,
1/20/21,National Cheese Lover’s Day,
1/21/21,National Hug Day,
1/21/21,National Granola Bar Day,
1/21/21,Squirrel Appreciation Day,
1/21/21,Get to Know Your Customers Day,
1/22/21,National Blonde Brownie Day,
1/23/21,Handwriting Day,
1/23/21,National Pie Day,
1/24/21,Compliment Day,
1/24/21,National Peanut Butter Day,
1/24/21,Beer Can Appreciation Day,
1/25/21,Opposite Day,
1/25/21,National Irish Coffee Day,
1/25/21,National Florida Day,
1/25/21,National Bubble Wrap Appreciation Day,
1/26/21,National Spouses Day,
1/26/21,National Green Juice Day,
1/26/21,National Peanut Brittle Day,
1/26/21,Plan for Vacation Day,
1/27/21,e-Day,
1/27/21,National Chocolate Cake Day,
1/27/21,Library Shelfie Day,
1/28/21,Fun at Work Day,
1/28/21,National Have Fun At Work Day,
1/28/21,National Kazoo Day,
1/28/21,National Blueberry Pancake Day,
1/28/21,Data Privacy Day,
1/29/21,National Puzzle Day,
1/29/21,National Corn Chip Day,
1/29/21,National Big Wig Day,
1/30/21,National Croissant Day,
1/30/21,National Seed Swap Day,
1/31/21,National Backward Day,
1/31/21,National Hot Chocolate Day,
1/31/21,National Inspire Your Heart With Art Day,
2/1/21,National Get Up Day,
2/1/21,National Baked Alaska Day,
2/1/21,National Serpent Day,
2/1/21,National Texas Day,
2/2/21,National Groundhog Day,
2/2/21,National Heavenly Hash Day,
2/2/21,National Tater Tot Day,
2/2/21,Safer Internet Day U.S.,
2/3/21,National Day the Music Died Day,
2/3/21,National Carrot Cake Day,
2/3/21,National Missing Persons Day,
2/3/21,National Women Physicians Day,
2/3/21,National Girls and Women in Sports Day,
2/4/21,National Hemp Day,
2/4/21,National Thank a Mail Carrier Day,
2/4/21,National Homemade Soup Day,
2/4/21,National Create a Vacuum day,
2/5/21,Chocolate Fondue Day,
2/5/21,World Nutella Day,
2/5/21,National Shower with a Friend Day,
2/5/21,National Weatherperson’s Day,
2/5/21,National Wear Red Day,
2/5/21,Bubble Gum Day,
2/6/21,National Lame Duck Day,
2/6/21,National Frozen Yogurt Day,
2/6/21,Ice Cream for Breakfast Day,
2/7/21,e-Day,
2/7/21,National Periodic Table Day,
2/7/21,National Send a Card to a Friend Day,
2/7/21,National Fettuccine Alfredo Day,
2/8/21,National Boy Scouts Day,
2/8/21,National Kite Flying Day,
2/8/21,National Iowa Day,
2/8/21,National Football Hangover Day,
2/8/21,National Clean Out Your Computer Day,
2/9/21,National Pizza Day,
2/9/21,National Toothache Day,
2/10/21,National Home Warranty Day,
2/10/21,National Umbrella Day,
2/10/21,National Cream Cheese Brownie Day,
2/11/21,National Make a Friend Day,
2/11/21,National Don’t Cry Over Spilled Milk Day,
2/11/21,National White Shirt Day,
2/11/21,National Shut-In Visitation Day,
2/11/21,National Peppermint Patty Day,
2/11/21,National Inventors’ Day,
2/12/21,Darwin Day,
2/12/21,National Plum Pudding Day,
2/13/21,National Break Up With Your Carrier Day,
2/13/21,National Cheddar Day,
2/13/21,National Tortellini Day,
2/14/21,National Organ Donor Day,
2/14/21,National Ferris Wheel Day,
2/14/21,National Cream-Filled Chocolates Day,
2/15/21,Singles Awareness Day,
2/15/21,National Gumdrop Day,
2/15/21,National Wisconsin Day,
2/16/21,National Almond Day,
2/16/21,National Do A Grouch a Favor Day,
2/16/21,Fat Tuesday,
2/17/21,Random Act of Kindness Day,
2/17/21,National Random Acts of Kindness Day,
2/17/21,National Cabbage Day,
2/18/21,National Drink Wine Day,
2/18/21,National Battery Day,
2/18/21,National Crab Stuffed Flounder Day,
2/19/21,National Vet Girls ROCK Day,
2/19/21,National Lash Day,
2/19/21,National Chocolate Mint Day,
2/19/21,National Caregivers Day,
2/19/21,National Tartar Sauce Day,
2/20/21,Hoodie Hoo Day,
2/20/21,National Love Your Pet Day,
2/20/21,National Cherry Pie Day,
2/21/21,National Grain-Free Day,
2/21/21,National Sticky Bun Day,
2/22/21,National Margarita Day,
2/22/21,National California Day,
2/22/21,National Cook a Sweet Potato Day,
2/23/21,National Banana Bread Day,
2/23/21,National Dog Biscuit Day,
2/23/21,National Tile Day,
2/23/21,World Spay Day,
2/24/21,National Tortilla Chip Day,
2/25/21,National Chocolate Covered Nut Day,
2/25/21,National Clam Chowder Day,
2/25/21,National Chili Day,
2/25/21,National Toast Day,
2/26/21,National Pistachio Day,
2/26/21,National Tell a Fairy Tale Day,
2/26/21,Skip the Straw Day,
2/27/21,National Kahlua Day,
2/27/21,National Strawberry Day,
2/27/21,National Polar Bear Day,
2/27/21,National Retro Day,
2/28/21,National Public Sleeping Day,
2/28/21,National Chocolate Souffle Day,
2/28/21,National Floral Design Day,
2/28/21,National Tooth Fairy Day,
2/28/21,Rare Disease Day,
3/1/21,World Compliment Day,
3/1/21,National Pig Day,
3/1/21,National Dadgum That’s Good Day,
3/1/21,National Peanut Butter Lover’s Day,
3/1/21,National Fruit Compote Day,
3/1/21,National Horse Protection Day,
3/1/21,National Minnesota Day,
3/2/21,Dr. Seuss Day,
3/2/21,National Old Stuff Day,
3/2/21,National Banana Cream Pie Day,
3/3/21,National Anthem Day,
3/3/21,National I Want You to be Happy Day,
3/3/21,National Cold Cuts Day,
3/3/21,National Mulled Wine Day,
3/3/21,Soup It Forward Day,
3/4/21,National Pound Cake Day,
3/4/21,National Hug a G.I. Day,
3/4/21,National Grammar Day,
3/4/21,Marching Music Day,
3/5/21,National Multiple Personality Day,
3/5/21,National Cheese Doodle Day,
3/5/21,National Absinthe Day,
3/5/21,National Day of Unplugging,
3/5/21,National Dress in Blue Day,
3/5/21,National Speech and Debate Education Day,
3/6/21,National Oreo Day,
3/6/21,National Dentist’s Day,
3/6/21,National Dress Day,
3/6/21,National Frozen Food Day,
3/6/21,National White Chocolate Cheesecake Day,
3/6/21,National Oreo Cookie Day,
3/7/21,National Cereal Day,
3/7/21,National Hospitalist Day First Thursday in March *,
3/7/21,National Be Heard Day,
3/7/21,National Crown of Roast Pork Day,
3/7/21,Finisher’s Medal Day,
3/8/21,International Women’s Day,
3/8/21,National Oregon Day,
3/8/21,National Peanut Cluster Day,
3/8/21,National Proofreading Day,
3/9/21,National Meatball Day,
3/9/21,National Barbie Day,
3/9/21,National Crabmeat Day,
3/9/21,National Get Over it Day,
3/10/21,National Blueberry Popover Day,
3/10/21,National Pack Your Lunch Day,
3/10/21,National Women and Girls HIV/AIDS Awareness Day,
3/10/21,National Registered Dietitian Nutritionist Day,
3/10/21,Mario Day,
3/11/21,National Johnny Appleseed Day,
3/11/21,National Worship of Tools Day,
3/11/21,National Oatmeal Nut Waffles Day,
3/11/21,National Promposal Day,
3/11/21,National Funeral Director and Mortician Recognition Day,
3/12/21,National Girl Scout Day,
3/12/21,National Plant a Flower Day,
3/12/21,National Baked Scallops Day,
3/13/21,National Good Samaritan Day,
3/13/21,National Earmuff Day,
3/13/21,National Open an Umbrella Indoors Day,
3/13/21,National Coconut Torte Day,
3/13/21,National K9 Veterans Day,
3/13/21,National Jewel Day,
3/14/21,Pi Day,
3/14/21,Steak and BJ Day,
3/14/21,National Potato Chip Day,
3/14/21,National Learn About Butterflies Day,
3/14/21,National Children’s Craft Day,
3/14/21,National Write Down Your Story Day,
3/14/21,Daylight Saving Time,
3/15/21,Ides of March,
3/15/21,National Shoe the World Day,
3/15/21,National Pears Helene Day,
3/15/21,National Everything You Think is Wrong Day,
3/15/21,National Kansas Day,
3/15/21,National Napping Day,
3/16/21,National Freedom of Information Day,
3/16/21,National Everything You Do is Right Day,
3/16/21,National Artichoke Hearts Day,
3/16/21,National Panda Day,
3/16/21,World Social Work Day,
3/17/21,National Corned Beef and Cabbage Day,
3/18/21,National Awkward Moments Day,
3/18/21,National Lacy Oatmeal Cookie Day,
3/18/21,National Sloppy Joe Day,
3/18/21,National Biodiesel Day,
3/18/21,National Supreme Sacrifice Day,
3/18/21,National Farm Rescuer Day,
3/19/21,National Poultry Day,
3/19/21,National Chocolate Caramel Day,
3/19/21,National Let’s Laugh Day,
3/19/21,National Certified Nurses Day,
3/20/21,National Ravioli Day,
3/20/21,National Native HIV/AIDS Awareness Day,
3/20/21,National Proposal Day,
3/20/21,National Quilting Day,
3/20/21,National Corn Dog Day,
3/20/21,Spring Begins,
3/21/21,National Common Courtesy Day,
3/21/21,National Countdown Day,
3/21/21,National Single Parents Day,
3/21/21,National Fragrance Day,
3/21/21,National California Strawberry Day,
3/21/21,National French Bread Day,
3/21/21,National Education and Sharing Day,
3/22/21,National Goof Off Day,
3/22/21,National Bavarian Crepes Day,
3/22/21,National West Virginia Day,
3/23/21,Puppy Day,
3/23/21,National Chia Day,
3/23/21,National Chip and Dip Day,
3/23/21,National Near Miss Day,
3/23/21,National Melba Toast Day,
3/23/21,National American Diabetes Association Alert Day,
3/24/21,National Chocolate Covered Raisin Day,
3/25/21,Waffle Day,
3/25/21,National Lobster Newburg Day,
3/25/21,National Medal of Honor Day,
3/25/21,National Tolkien Reading Day,
3/26/21,Purple Day,
3/26/21,National Spinach Day,
3/26/21,National Nougat Day,
3/26/21,Epilepsy Awareness Day – Purple Day,
3/27/21,National Scribble Day,
3/27/21,National Joe Day,
3/27/21,National Spanish Paella Day,
3/28/21,Children's Picture Book Day,
3/28/21,Eat an Eskimo Pie Day,
3/28/21,National Black Forest Cake Day,
3/28/21,National Something On a Stick Day,
3/28/21,Weed Appreciation Day,
3/28/21,National Triglycerides Day,
3/29/21,National Mom and Pop Business Owners Day,
3/29/21,National Lemon Chiffon Cake Day,
3/29/21,National Nevada Day,
3/30/21,National Doctors' Day,
3/30/21,National Take a Walk in the Park Day,
3/30/21,National I Am in Control Day,
3/30/21,National Pencil Day,
3/30/21,National Turkey Neck Soup Day,
3/30/21,National Virtual Vacation Day,
3/31/21,National Crayon Day,
3/31/21,National Tater Day,
3/31/21,National Bunsen Burner Day,
3/31/21,National Clams on the Half Shell Day,
3/31/21,National Prom Day,
3/31/21,National Little Red Wagon Day,
3/31/21,Manatee Appreciation Day,
4/1/21,National One Cent Day,
4/1/21,National Sourdough Bread Day,
4/1/21,National Burrito Day,
4/2/21,International Children's Book Day,
4/2/21,National Reconciliation Day,
4/2/21,National Peanut Butter and Jelly Day,
4/2/21,National Ferret Day,
4/3/21,National Film Score Day,
4/3/21,National Tweed Day,
4/3/21,National Chocolate Mousse Day,
4/3/21,National Find a Rainbow Day,
4/3/21,National Love Our Children Day,
4/4/21,National Vitamin C Day *,
4/4/21,National Walk Around Things Day,
4/4/21,National Hug a Newsperson Day,
4/4/21,National School Librarian Day,
4/4/21,National Chicken Cordon Bleu Day,
4/4/21,Jeep 4×4 Day,
4/5/21,First Contact Day,
4/5/21,National Flash Drive Day,
4/5/21,National Go For Broke Day,
4/5/21,National Caramel Day,
4/5/21,National Read a Road Map Day,
4/5/21,National Raisin and Spice Bar Day,
4/5/21,National Deep Dish Pizza Day,
4/5/21,National Nebraska Day,
4/6/21,National Tartan Day,
4/6/21,National Sorry Charlie Day,
4/6/21,New Beer’s Eve,
4/6/21,National Caramel Popcorn Day,
4/6/21,National Student-Athlete Day,
4/6/21,National Teflon Day,
4/6/21,SAAM Day of Action,
4/6/21,National Library Workers Day,
4/7/21,National Beer Day,
4/7/21,National Coffee Cake Day,
4/7/21,National No Housework Day,
4/7/21,National Girl Me Too Day,
4/7/21,National Handmade Day,
4/7/21,National Bookmobile Day,
4/7/21,National Walking Day,
4/7/21,Childhelp National Day of Hope,
4/8/21,National All is Ours Day,
4/8/21,National Zoo Lovers Day,
4/8/21,National Empanada Day,
4/8/21,National Alcohol Screening Day,
4/9/21,National Cherish an Antique Day,
4/9/21,National Name Yourself Day,
4/9/21,National Winston Churchill Day,
4/9/21,National Chinese Almond Cookie Day,
4/9/21,National Former Prisoner of War Recognition Day,
4/9/21,The Day of Silence,
4/10/21,Siblings Day,
4/10/21,National Farm Animals Day,
4/11/21,National Pet Day,
4/11/21,National Barber Shop Quartet Day,
4/11/21,National Submarine Day,
4/11/21,National Teach Children to Save Day,
4/11/21,National Eight Track Tape Day,
4/11/21,National Cheese Fondue Day,
4/12/21,Grilled Cheese Day,
4/12/21,Yuri's Night,
4/12/21,National Big Wind Day,
4/12/21,National Licorice Day,
4/12/21,National Grilled Cheese Sandwich Day,
4/12/21,National Colorado Day,
4/13/21,National Scrabble Day,
4/13/21,National Thomas Jefferson Day,
4/13/21,National Peach Cobbler Day,
4/13/21,National Make Lunch Count Day,
4/14/21,Cake and Cunnilingus Day,
4/14/21,National Gardening Day,
4/14/21,National Reach as High as You Can Day,
4/14/21,National Pan American Day,
4/14/21,National Ex Spouse Day,
4/14/21,National Dolphin Day,
4/14/21,National Pecan Day,
4/15/21,National Take a Wild Guess Day,
4/15/21,National Rubber Eraser Day,
4/15/21,National Titanic Remembrance Day,
4/15/21,National Glazed Spiral Ham Day,
4/15/21,Get to Know Your Customers Day,
4/16/21,Wear Pajamas to Work Day,
4/16/21,National Orchid Day,
4/16/21,National Eggs Benedict Day,
4/16/21,National Wear Your Pajamas to Work Day,
4/16/21,National Healthcare Decisions Day,
4/16/21,National Bean Counter Day,
4/17/21,Herbalist Day,
4/17/21,National Bat Appreciation Day,
4/17/21,National Ellis Island Family History Day,
4/17/21,National Haiku Poetry Day,
4/17/21,National Cheeseball Day,
4/17/21,National Auctioneers Day,
4/17/21,National Record Store Day,
4/18/21,National Lineman Appreciation Day,
4/18/21,National Columnists’ Day,
4/18/21,National Animal Crackers Day,
4/18/21,National High Five Day,
4/19/21,Bicycle Day,
4/19/21,National Hanging Out Day,
4/19/21,National Oklahoma City Bombing Commemoration Day,
4/19/21,National Garlic Day,
4/19/21,National Amaretto Day,
4/19/21,National North Dakota Day,
4/20/21,Lima Bean Respect Day,
4/20/21,National Cheddar Fries Day,
4/20/21,National Look Alike Day,
4/20/21,National Pineapple Upside Down Cake Day,
4/21/21,National Kindergarten Day,
4/21/21,National Chocolate Covered Cashews Day,
4/21/21,National Yellow Bat Day,
4/22/21,National Earth Day,
4/22/21,National Girl Scout Leader’s Day,
4/22/21,National Jelly Bean Day,
4/22/21,National Take Our Daughters and Sons to Work Day,
4/23/21,National Talk Like Shakespeare Day,
4/23/21,National Picnic Day,
4/23/21,National Take a Chance Day,
4/23/21,National Cherry Cheesecake Day,
4/23/21,National Lost Dogs Awareness Day,
4/24/21,National Pigs in a Blanket Day,
4/24/21,National Rebuilding Day,
4/24/21,National Sense of Smell Day,
4/24/21,National Pool Opening Day,
4/24/21,National Kiss of Hope Day,
4/25/21,National Telephone Day,
4/25/21,National East Meets West Day,
4/25/21,National Zucchini Bread Day,
4/25/21,National DNA Day,
4/25/21,National Hug a Plumber Day,
4/25/21,National Pet Parents Day,
4/26/21,National Audubon Day,
4/26/21,National Dissertation Day,
4/26/21,National Richter Scale Day,
4/26/21,National Kids and Pets Day,
4/26/21,National Pretzel Day,
4/26/21,National Help a Horse Day,
4/26/21,National South Dakota Day,
4/27/21,National Babe Ruth Day,
4/27/21,National Tell a Story Day,
4/27/21,National Prime Rib Day,
4/27/21,National Devil Dog Day,
4/28/21,National Superhero Day,
4/28/21,National Blueberry Pie Day,
4/28/21,National Great Poetry Reading Day,
4/28/21,Workers’ Memorial Day,
4/28/21,National BraveHearts Day,
4/29/21,International Dance Day,
4/29/21,National Peace Rose Day,
4/29/21,National Zipper Day,
4/29/21,National Shrimp Scampi Day,
4/29/21,National Poem In Your Pocket Day,
4/30/21,National Bubble Tea Day,
4/30/21,National Sarcoidosis Day,
4/30/21,National Military Brats Day,
4/30/21,National PrepareAthon! Day,
4/30/21,National Honesty Day,
4/30/21,National Adopt a Shelter Pet Day,
4/30/21,National Bugs Bunny Day,
4/30/21,National Hairstylist Appreciation Day,
4/30/21,National Oatmeal Cookie Day,
4/30/21,National Raisin Day,
4/30/21,National Hairball Awareness Day,
5/1/21,Batman Day,
5/1/21,World Naked Gardening Day,
5/1/21,National Loyalty Day,
5/1/21,May Day,
5/1/21,National Mother Goose Day,
5/1/21,National Chocolate Parfait Day,
5/1/21,Law Day,
5/1/21,School Principals’ Day,
5/1/21,Silver Star Service Banner Day,
5/1/21,National Fitness Day,
5/1/21,National Scrapbook Day,
5/1/21,National Homebrew Day,
5/1/21,Join Hands Day,
5/1/21,National Bombshells’ Day,
5/1/21,National Start Seeing Monarchs Day,
5/1/21,Free Comic Book Day,
5/1/21,National Lemonade Day,
5/2/21,National Skilled Trades Day * First Wednesday in May,
5/2/21,National Truffle Day,
5/2/21,National Life Insurance Day,
5/2/21,National Infertility Survival Day,
5/3/21,National SAN Architect Day,
5/3/21,National Lumpy Rug Day,
5/3/21,National Garden Meditation Day,
5/3/21,National Specially-Able Pets Day,
5/3/21,National Two Different Colored Shoes Day,
5/3/21,National Paranormal Day,
5/3/21,National Chocolate Custard Day,
5/3/21,National Raspberry Pop Over Day,
5/3/21,National Textiles Day,
5/3/21,National Montana Day,
5/3/21,National Melanoma Monday,
5/4/21,National Star Wars Day,
5/4/21,National Weather Observers Day,
5/4/21,National Renewal Day,
5/4/21,National Orange Juice Day,
5/4/21,National Candied Orange Peel Day,
5/4/21,National Foster Care Day,
5/4/21,National Teacher Appreciation Day,
5/5/21,National Astronaut Day,
5/5/21,National Cartoonists Day,
5/5/21,National Silence the Shame Day,
5/5/21,National Totally Chipotle Day,
5/5/21,National Hoagie Day,
5/5/21,National School Nurse Day,
5/6/21,International No Diet Day,
5/6/21,National Beverage Day,
5/6/21,National Crepe Suzette Day,
5/6/21,National Day of Reason,
5/6/21,World Password Day,
5/7/21,National Packaging Design Day,
5/7/21,National Paste-Up Day,
5/7/21,National Barrier Awareness Day,
5/7/21,National Roast Leg of Lamb Day,
5/7/21,National Space Day,
5/7/21,School Lunch Hero Day,
5/7/21,National Military Spouse Appreciation Day,
5/7/21,National Provider Appreciation Day,
5/7/21,No Pants Day,
5/8/21,National Coconut Cream Pie Day,
5/8/21,National Have A Coke Day,
5/8/21,National Birth Mother’s Day,
5/8/21,National Babysitter’s Day,
5/8/21,National Dog Mom’s Day,
5/8/21,National Train Day,
5/8/21,National Archery Day,
5/8/21,National Miniature Golf Day,
5/8/21,Cornelia De Lange Syndrome Awareness Day,
5/8/21,Stamp Out Hunger Food Drive Day,
5/9/21,National Lost Sock Memorial Day,
5/9/21,National Moscato Day,
5/9/21,National Butterscotch Brownie Day,
5/9/21,National Sleepover Day,
5/10/21,National Clean Up Your Room Day,
5/10/21,National Lipid Day,
5/10/21,National Shrimp Day,
5/10/21,National Washington Day,
5/10/21,National Women’s Checkup Day,
5/11/21,National Eat What You Want Day,
5/11/21,National Foam Rolling Day,
5/11/21,National Twilight Zone Day,
5/12/21,National Limerick Day,
5/12/21,National Odometer Day,
5/12/21,National Nutty Fudge Day,
5/12/21,National Fibromyalgia Awareness Day,
5/12/21,National Receptionists’ Day,
5/12/21,National Third Shift Workers Day,
5/13/21,National Crouton Day,
5/13/21,National Frog Jumping Day,
5/13/21,National Apple Pie Day,
5/13/21,National Fruit Cocktail Day,
5/14/21,National Decency Day *,
5/14/21,National Dance Like a Chicken Day,
5/14/21,National Underground America Day,
5/14/21,National Buttermilk Biscuit Day,
5/15/21,National Chocolate Chip Day,
5/15/21,National Nylon Stocking Day,
5/15/21,National Learn to Swim Day,
5/15/21,Astronomy Day,
5/16/21,Honor Our LGBT Elders Day,
5/16/21,National Do Something Good for Your Neighbor Day,
5/16/21,National Love a Tree Day,
5/16/21,National Piercing Day,
5/16/21,National Sea Monkey Day,
5/16/21,National Biographer’s Day,
5/16/21,National Coquilles Saint Jacques Day,
5/16/21,Take Your Parents To The Playground Day,
5/17/21,National Pack Rat Day,
5/17/21,National Cherry Cobbler Day,
5/17/21,National Graduation Tassel Day,
5/17/21,National Walnut Day,
5/17/21,National Idaho Day,
5/18/21,National HIV Vaccine Awareness Day,
5/18/21,National Visit Your Relatives Day,
5/18/21,National No Dirty Dishes Day,
5/18/21,National Cheese Soufflé Day,
5/19/21,National May Ray Day,
5/19/21,National Devil’s Food Cake Day,
5/19/21,Emergency Medical Services for Children Day,
5/20/21,National Be a Millionaire Day,
5/20/21,National Pick Strawberries Day,
5/20/21,National Rescue Dog Day,
5/20/21,National Quiche Lorraine Day,
5/21/21,National American Red Cross Founder’s Day,
5/21/21,National Waitstaff Day,
5/21/21,National Strawberries and Cream Day,
5/21/21,National Memo Day,
5/21/21,National Bike to Work Day,
5/21/21,National Endangered Species Day,
5/21/21,National Defense Transportation Day,
5/21/21,National Pizza Party Day,
5/21/21,NASCAR Day,
5/22/21,National Craft Distillery Day *,
5/22/21,National Solitaire Day,
5/22/21,National Buy a Musical Instrument Day,
5/22/21,National Vanilla Pudding Day,
5/23/21,World Turtle Day,
5/23/21,National Lucky Penny Day,
5/23/21,National Taffy Day,
5/24/21,National Aviation Maintenance Technician Day,
5/24/21,Brother’s Day,
5/24/21,National Scavenger Hunt Day,
5/24/21,National Escargot Day,
5/24/21,National Wyoming Day,
5/25/21,Towel Day,
5/25/21,National Wine Day,
5/25/21,National Missing Children’s Day,
5/25/21,National Tap Dance Day,
5/25/21,National Brown-Bag It Day,
5/26/21,National Blueberry Cheesecake Day,
5/26/21,National Senior Health &amp; Fitness Day,
5/27/21,National Cellophane Tape Day,
5/27/21,National Grape Popsicle Day,
5/28/21,Hamburger Day,
5/28/21,National Brisket Day,
5/28/21,National Don’t Fry Day,
5/28/21,National Heat Awareness Day,
5/29/21,National Paperclip Day,
5/29/21,National Coq Au Vin Day,
5/30/21,National Creativity Day,
5/30/21,National Water a Flower Day,
5/30/21,National Hole In My Bucket Day,
5/30/21,National Mint Julep Day,
5/30/21,Loomis Day,
5/31/21,Autonomous Vehicle Day,
5/31/21,National Save Your Hearing Day,
5/31/21,National Speak in Sentences Day,
5/31/21,National Macaroon Day,
5/31/21,National Utah Day,
5/31/21,National Smile Day,
5/31/21,Necrotizing Fasciitis Awareness Day,
6/1/21,World Reef Awareness Day*,
6/1/21,National Olive Day,
6/1/21,National Heimlich Maneuver Day,
6/1/21,National Go Barefoot Day,
6/1/21,National Nail Polish Day,
6/1/21,National Say Something Nice Day,
6/1/21,National Penpal Day,
6/1/21,National Hazelnut Cake Day,
6/2/21,National Rotisserie Chicken Day,
6/2/21,National Rocky Road Day,
6/2/21,National Bubba Day,
6/2/21,National Running Day,
6/2/21,National Leave The Office Early Day,
6/3/21,National Egg Day,
6/3/21,National Repeat Day,
6/3/21,National Chocolate Macaroons Day,
6/4/21,National Cheese Day,
6/4/21,National Old Maids Day,
6/4/21,National Cognac Day,
6/4/21,National SAFE Day,
6/4/21,National Donut Day,
6/5/21,National Gingerbread Day,
6/5/21,National Moonshine Day,
6/5/21,National Veggie Burger Day,
6/5/21,National Black Bear Day,
6/5/21,National Bubbly Day,
6/5/21,National Prairie Day,
6/5/21,National Trails Day,
6/5/21,Wear BLUE Day,
6/6/21,National Eyewear Day,
6/6/21,National Higher Education Day,
6/6/21,National Gardening Exercise Day,
6/6/21,National Yo-Yo Day,
6/6/21,National Drive In Movie Day,
6/6/21,National Applesauce Cake Day,
6/6/21,National Oklahoma Day,
6/6/21,National Cancer Survivor’s Day,
6/7/21,National Boone Day,
6/7/21,National Chocolate Ice Cream Day,
6/7/21,National VCR Day,
6/8/21,National Best Friends Day,
6/8/21,National Name Your Poison Day,
6/8/21,National Upsy Daisy Day,
6/8/21,Call Your Doctor Day,
6/9/21,National Donald Duck Day,
6/9/21,National Strawberry Rhubarb Pie Day,
6/10/21,National Ballpoint Pen Day,
6/10/21,National Iced Tea Day,
6/10/21,National Black Cow Day,
6/10/21,National Herbs and Spices Day,
6/11/21,National Making Life Beautiful Day,
6/11/21,National Corn on the Cob Day,
6/11/21,National German Chocolate Cake Day,
6/12/21,National Red Rose Day,
6/12/21,National Jerky Day,
6/12/21,National Peanut Butter Cookie Day,
6/12/21,National Loving Day,
6/12/21,National Rosé Day,
6/13/21,International Axe Throwing Day,
6/13/21,National Kitchen Klutzes of America Day,
6/13/21,Random Acts of Light Day,
6/13/21,National Weed Your Garden Day,
6/13/21,National Sewing Machine Day,
6/13/21,National Children’s Day,
6/14/21,International Bath Day,
6/14/21,National Strawberry Shortcake Day,
6/14/21,National Pop Goes the Weasel Day,
6/14/21,National Bourbon Day,
6/14/21,National New Mexico Day,
6/15/21,National Smile Power Day,
6/15/21,Nature Photography Day,
6/16/21,Bloomsday,
6/16/21,National Fudge Day,
6/17/21,Global Garbage Man Day,
6/17/21,National Eat Your Vegetables Day,
6/17/21,National Stewart’s Root Beer Day,
6/17/21,National Apple Strudel Day,
6/17/21,National Cherry Tart Day,
6/17/21,National Career Nurse Assistants Day,
6/17/21,National Dump the Pump Day,
6/18/21,International Picnic Day,
6/18/21,National Go Fishing Day,
6/18/21,National Splurge Day,
6/18/21,National Take Back the Lunch Break Day,
6/18/21,National Flip Flop Day,
6/19/21,National FreeBSD Day,
6/19/21,National Garfield the Cat Day,
6/19/21,National Martini Day,
6/19/21,National Watch Day,
6/20/21,National Kouign Amann Day,
6/20/21,National Hike with a Geek Day,
6/20/21,National Vanilla Milkshake Day,
6/20/21,National Ice Cream Soda Day,
6/20/21,Turkey Lovers’ Day,
6/21/21,National Selfie Day,
6/21/21,National Peaches ‘N’ Cream Day,
6/21/21,National Day of the Gong,
6/21/21,Go Skateboarding Day,
6/21/21,National Daylight Appreciation Day,
6/21/21,National Arizona Day,
6/21/21,National Seashell Day,
6/22/21,National Chocolate Eclair Day,
6/22/21,National HVAC Tech Day,
6/22/21,National Onion Rings Day,
6/23/21,National Pink Day,
6/23/21,National Hydration Day,
6/23/21,National Pecan Sandies Day,
6/24/21,National Pralines Day,
6/24/21,National Bomb Pop Day,
6/24/21,National Handshake Day,
6/25/21,National Strawberry Parfait Day,
6/25/21,National Catfish Day,
6/25/21,National Leon Day,
6/25/21,Take Your Dog to Work Day,
6/26/21,National Coconut Day *,
6/26/21,National Beautician’s Day,
6/26/21,National Chocolate Pudding Day,
6/27/21,National Onion Day,
6/27/21,National Ice Cream Cake Day,
6/27/21,National Sunglasses Day,
6/27/21,National Orange Blossom Day,
6/27/21,National PTSD Awareness Day,
6/28/21,Tau Day,
6/28/21,Christopher Street Day,
6/28/21,National Paul Bunyan Day,
6/28/21,National Alaska Day,
6/29/21,National Camera Day,
6/29/21,National Waffle Iron Day,
6/29/21,National Almond Buttercrunch Day,
6/29/21,International Mud Day,
6/30/21,National Meteor Watch Day,
6/30/21,Social Media Day,
6/30/21,National OOTD Day,
6/30/21,National Parchment Day,
7/1/21,National Postal Worker Day,
7/1/21,National U.S. Postage Stamp Day,
7/1/21,National Creative Ice Cream Flavors Day,
7/1/21,National Gingersnap Day,
7/2/21,National Anisette Day,
7/3/21,National Fried Clam Day,
7/3/21,National Eat Your Beans Day,
7/3/21,National Chocolate Wafer Day,
7/3/21,Hop-a-Park Day,
7/4/21,National Barbecued Spareribs Day,
7/4/21,National Caesar Salad Day,
7/5/21,National Apple Turnover Day,
7/5/21,National Graham Cracker Day,
7/5/21,National Hawaii Day,
7/5/21,National Bikini Day,
7/6/21,World Kissing Day,
7/6/21,National Fried Chicken Day,
7/6/21,National Hand Roll Day *,
7/7/21,National Dive Bar Day,
7/7/21,National Father Daughter Take a Walk Day,
7/7/21,National Strawberry Sundae Day,
7/7/21,National Macaroni Day,
7/8/21,Video Games Day,
7/8/21,National Chocolate with Almonds Day,
7/9/21,National Sugar Cookie Day,
7/10/21,National Clerihew Day,
7/10/21,National Pina Colada Day,
7/11/21,National Cheer Up The Lonely Day,
7/11/21,National Rainier Cherry Day,
7/11/21,National Blueberry Muffin Day,
7/11/21,All American Pet Photo Day,
7/11/21,National Mojito Day,
7/11/21,National 7-Eleven Day,
7/12/21,National Simplicity Day,
7/12/21,National Different Colored Eyes Day,
7/12/21,National Pecan Pie Day,
7/12/21,Paper Bag Day,
7/12/21,Eat Your Jello Day,
7/13/21,National French Fry Day,
7/13/21,National Beans ‘N’ Franks Day,
7/13/21,National Delaware Day,
7/14/21,National Grand Marnier Day,
7/14/21,National Tape Measure Day,
7/14/21,National Nude Day,
7/14/21,National Mac &amp; Cheese Day,
7/15/21,National Give Something Away Day,
7/15/21,National I Love Horses Da,
7/15/21,National Tapioca Pudding Day,
7/15/21,National Pet Fire Safety Day,
7/15/21,Get to Know Your Customers Day,
7/16/21,National Corn Fritters Day,
7/16/21,National Personal Chef’s Day,
7/17/21,World Emoji Day,
7/17/21,National Peach Ice Cream Day,
7/17/21,National Tattoo Day,
7/17/21,Wrong Way Corrigan Day,
7/17/21,National Yellow Pig Day,
7/17/21,National Strawberry Rhubarb Wine Day,
7/17/21,Toss Away the “Could Haves” and “Should Haves” Day,
7/18/21,National Sour Candy Day,
7/18/21,National Caviar Day,
7/18/21,National Ice Cream Day,
7/19/21,National Daiquiri Day,
7/19/21,National Get Out of the Dog House Day,
7/20/21,National Moon Day,
7/20/21,National Lollipop Day,
7/20/21,National Pennsylvania Day,
7/21/21,National Junk Food Day,
7/21/21,National Be Someone Day,
7/22/21,National Penuche Fudge Day,
7/22/21,National Hammock Day,
7/22/21,National Rat Catcher’s Day,
7/22/21,National Refreshment Day,
7/23/21,Gorgeous Grandma Day,
7/23/21,National Hot Dog Day,
7/23/21,National Vanilla Ice Cream Day,
7/24/21,National Tequila Day,
7/24/21,National Thermal Engineer Day,
7/24/21,National Drive-Thru Day,
7/24/21,National Cousins Day,
7/24/21,National Amelia Earhart Day,
7/24/21,National Day of the Cowboy,
7/25/21,National Merry-Go-Round Day,
7/25/21,National Hot Fudge Sundae Day,
7/25/21,National Threading the Needle Day,
7/25/21,National Hire a Veteran Day,
7/25/21,National Wine and Cheese Day,
7/25/21,National Parent’s Day,
7/26/21,National Aunt and Uncle’s Day,
7/26/21,National Bagelfest Day,
7/26/21,National Coffee Milkshake Day,
7/26/21,National All or Nothing Day,
7/27/21,National Love is Kind Day *,
7/27/21,National Scotch Day,
7/27/21,National Créme Bruléé Day,
7/27/21,National New Jersey Day,
7/28/21,National Milk Chocolate Day,
7/28/21,National Waterpark Day,
7/29/21,National Chicken Wing Day,
7/29/21,National Lasagna Day,
7/29/21,National Lipstick Day,
7/29/21,National Chili Dog Day,
7/30/21,National Cheesecake Day,
7/30/21,National Father-in-Law Day,
7/30/21,National Whistleblower Day,
7/30/21,National Talk in an Elevator Day,
7/30/21,National System Administrator Appreciation Day,
7/30/21,National Get Gnarly Day,
7/31/21,National Mutt Day,
7/31/21,National Avocado Day,
7/31/21,National Raspberry Cake Day,
8/1/21,Yorkshire Day,
8/1/21,National Mahjong Day,
8/1/21,National Raspberry Cream Pie Day,
8/1/21,National Girlfriends Day,
8/1/21,National Minority Donor Awareness Day,
8/1/21,Respect for Parents Day,
8/1/21,American Family Day,
8/1/21,National Friendship Day,
8/1/21,Sisters' Day,
8/2/21,National Coloring Book Day,
8/2/21,National Ice Cream Sandwich Day,
8/3/21,National Georgia Day,
8/3/21,National Watermelon Day,
8/3/21,National Grab Some Nuts Day,
8/3/21,National Night Out Day,
8/4/21,National Chocolate Chip Cookie Day,
8/4/21,National Coast Guard Day,
8/5/21,National Underwear Day,
8/5/21,National Work Like A Dog Day,
8/5/21,National Oyster Day,
8/6/21,National Root Beer Float Day,
8/6/21,National Fresh Breath Day,
8/6/21,National Wiggle Your Toes Day,
8/6/21,International Beer Day,
8/7/21,National Lighthouse Day,
8/7/21,National Raspberries N’ Cream Day,
8/7/21,National Disc Golf Day,
8/7/21,National Jamaican Patty Day,
8/7/21,National Mustard Day,
8/7/21,Mead Day,
8/8/21,International Cat Day,
8/8/21,National CBD Day,
8/8/21,National Happiness Happens Day,
8/8/21,National Frozen Custard Day,
8/8/21,National Sneak Some Zucchini Into Your Neighbor’s Porch Day,
8/8/21,National Dollar Day,
8/8/21,National Spirit of ’45 Day,
8/9/21,National Rice Pudding Day,
8/9/21,National Veep Day,
8/9/21,National Book Lovers Day,
8/10/21,Lazy Day,
8/10/21,National S'mores Day,
8/10/21,National Shapewear Day,
8/10/21,National Connecticut Day,
8/11/21,Son and Daughter Day,
8/11/21,National Son’s and Daughter’s Day,
8/11/21,National Presidential Joke Day,
8/11/21,National Raspberry Bombe Day,
8/12/21,Middle Child Day,
8/12/21,National Julienne Fries Day,
8/12/21,National Vinyl Record Day,
8/13/21,Left-Handers Day,
8/13/21,National Prosecco Day,
8/13/21,National Filet Mignon Day,
8/14/21,National V-J Day,
8/14/21,National Creamsicle Day,
8/14/21,National Bowling Day,
8/14/21,National Garage Sale Day,
8/15/21,National Leathercraft Day,
8/15/21,National Relaxation Day,
8/15/21,National Lemon Meringue Pie Day,
8/16/21,National Rum Day,
8/16/21,National Tell a Joke Day,
8/16/21,National Roller Coaster Day,
8/16/21,National Airborne Day,
8/17/21,National Nonprofit Day,
8/17/21,National Massachusetts Day,
8/17/21,National I LOVE My Feet Day!,
8/17/21,National Thrift Shop Day,
8/17/21,Black Cat Appreciation Day,
8/18/21,National Fajita Day,
8/18/21,National Mail Order Catalog Day,
8/18/21,National Ice Cream Pie Day,
8/19/21,International Bow Day,
8/19/21,National Soft Ice Cream Day,
8/20/21,National Radio Day,
8/20/21,National Chocolate Pecan Pie Day,
8/21/21,National Brazilian Blowout Day,
8/21/21,National Spumoni Day,
8/21/21,National Senior Citizens Day,
8/21/21,World Honey Bee Day,
8/22/21,National Bao Day,
8/22/21,Never Bean Better Day,
8/22/21,National Tooth Fairy Day,
8/22/21,National Pecan Torte Day,
8/23/21,National Ride The Wind Day,
8/23/21,National Sponge Cake Day,
8/24/21,National Waffle Day,
8/24/21,National Maryland Day,
8/24/21,National Peach Pie Day,
8/25/21,National Park Service Founders Day,
8/25/21,National Whiskey Sour Day,
8/25/21,National Kiss and Make Up Day,
8/25/21,National Secondhand Wardrobe Day,
8/25/21,National Banana Split Day,
8/26/21,National Dog Day,
8/26/21,National WebMistress Day,
8/26/21,National Women’s Equality Day,
8/26/21,National Cherry Popsicle Day,
8/27/21,National Pots De Creme Day,
8/27/21,National Just Because Day,
8/28/21,National Power Rangers Day,
8/28/21,National Bow Tie Day,
8/28/21,National Cherry Turnovers Day,
8/28/21,Rainbow Bridge Remembrance Day,
8/29/21,National Chop Suey Day,
8/30/21,National Toasted Marshmallow Day,
8/30/21,National Grief Awareness Day,
8/31/21,National South Carolina Day,
8/31/21,National Matchmaker Day,
8/31/21,National Diatomaceous Earth Day,
8/31/21,National Trail Mix Day,
9/1/21,National Chicken Boy’s Day,
9/1/21,National No Rhyme (Nor Reason) Day,
9/2/21,National Blueberry Popsicle Day,
9/2/21,National V-J Day,
9/3/21,National Welsh Rarebit Day,
9/3/21,U.S. Bowling League Day,
9/3/21,National College Colors Day,
9/3/21,National Lazy Mom’s Day,
9/3/21,National Food Bank Day,
9/4/21,National Wildlife Day,
9/4/21,National Newspaper Carrier Day,
9/4/21,National Macadamia Nut Day,
9/4/21,National Tailgating Day,
9/4/21,World Beard Day,
9/5/21,Cheese Pizza Day,
9/6/21,National Coffee Ice Cream Day,
9/6/21,National Read A Book Day,
9/7/21,National Beer Lover’s Day,
9/7/21,National Neither Snow Nor Rain Day,
9/7/21,National Grandma Moses Day,
9/7/21,National Acorn Squash Day,
9/7/21,National Salami Day,
9/7/21,National Grateful Patient Day,
9/7/21,National New Hampshire Day,
9/7/21,National Another Look Unlimited Day,
9/8/21,National Pediatric Hematology/Oncology Nurses Day,
9/8/21,National Ampersand Day,
9/9/21,National Teddy Bear Day,
9/9/21,Care Bears Share Your Care Day,
9/9/21,National Wiener Schnitzel Day,
9/10/21,National Swap Ideas Day,
9/10/21,National TV Dinner Day,
9/10/21,Stand Up To Cancer Day,
9/11/21,National Make Your Bed Day,
9/11/21,National Hot Cross Bun Day,
9/11/21,Patriot Day and National Day of Service and Remembrance,
9/12/21,National Video Game Day,
9/12/21,National Chocolate Milkshake Day,
9/12/21,National Day of Encouragement,
9/12/21,National Report Medicare Fraud Day,
9/12/21,National Pet Memorial Day,
9/12/21,National Hug Your Hound Day,
9/13/21,Roald Dahl Day,
9/13/21,National Kids Take Over The Kitchen Day,
9/13/21,National Peanut Day,
9/13/21,Uncle Sam Day,
9/13/21,National Boss/Employee Exchange Day,
9/13/21,National Programmers Day,
9/14/21,National Cream Filled Donut Day,
9/14/21,National Eat a Hoagie Day,
9/14/21,National Live Creative Day,
9/14/21,National Virginia Day,
9/14/21,National Ants on a Log Day,
9/15/21,International Dot Day,
9/15/21,National Cheese Toast Day,
9/15/21,National Linguine Day,
9/15/21,National Felt Hat Day,
9/15/21,National Double Cheeseburger Day,
9/15/21,National Creme de Menthe Day,
9/15/21,National Tackle Kids Cancer Day,
9/15/21,National Online Learning Day,
9/15/21,Greenpeace Day,
9/16/21,National Play-Doh Day,
9/16/21,National Cinnamon Raisin Bread Day,
9/16/21,National Step Family Day,
9/16/21,National Working Parents Day,
9/16/21,Mayflower Day,
9/17/21,National Apple Dumpling Day,
9/17/21,Constitution Day and Citizenship Day,
9/17/21,National Monte Cristo Day,
9/17/21,National Tradesmen Day,
9/17/21,National POW/MIA Recognition Day,
9/18/21,National Cheeseburger Day,
9/18/21,Airforce Birthday,
9/18/21,National HIV/AIDS and Aging Awareness Day,
9/18/21,Big Whopper Liar Day,
9/18/21,Boys’ and Girls’ Club Day for Kids,
9/18/21,Puppy Mill Awareness Day,
9/18/21,Responsible Dog Ownership Day,
9/18/21,National CleanUp Day,
9/18/21,National Dance Day,
9/19/21,National Gymnastics Day,
9/19/21,International Talk Like a Pirate Day,
9/19/21,National Butterscotch Pudding Day,
9/19/21,Wife Appreciation Day,
9/20/21,National Fried Rice Day,
9/20/21,National Pepperoni Pizza Day,
9/20/21,National Punch Day,
9/20/21,National String Cheese Day,
9/21/21,National Chai Day,
9/21/21,National Pecan Cookie Day,
9/21/21,National New York Day,
9/21/21,National IT Professionals Day,
9/22/21,AKC Responsible Dog Ownership Day,
9/22/21,American Business Women’s Day,
9/22/21,Car Free Day,
9/22/21,National Centenarian’s Day,
9/22/21,Elephant Appreciation Day,
9/22/21,National Girls’ Night In Day,
9/22/21,Hobbit Day,
9/22/21,National Ice Cream Cone Day,
9/22/21,National Legwear Day,
9/22/21,National White Chocolate Day,
9/22/21,Mabon,
9/23/21,Celebrate Bisexuality Day,
9/23/21,National Checkers/Dogs in Politics Day,
9/23/21,National Great American Pot Pie Day,
9/23/21,National Snack Stick Day,
9/23/21,National Teal Talk Day,
9/23/21,Innergize Day,
9/24/21,National Cherries Jubilee Day,
9/24/21,National Punctuation Day,
9/24/21,Schwenkfelder Thanksgiving,
9/24/21,National BRAVE DAY,
9/25/21,National One-Hit Wonder Day,
9/25/21,National Comic Book Day,
9/25/21,National Lobster Day,
9/25/21,National Tune-Up Day,
9/25/21,National Research Administrator Day,
9/25/21,Math Storytelling Day,
9/25/21,National Public Lands Day,
9/25/21,National Singles Day,
9/25/21,National Seat Check Saturday,
9/25/21,National Hunting and Fishing Day,
9/25/21,National Family Health and Fitness Day USA,
9/25/21,National Ghost Hunting Day,
9/25/21,Save Your Photos Day,
9/26/21,Johnny Appleseed Day,
9/26/21,National Compliance Officer Day,
9/26/21,National Dumpling Day,
9/26/21,National Shamu the Whale Day,
9/26/21,National Pancake Day,
9/26/21,National Situational Awareness Day,
9/26/21,National Gold Star Mother’s Day,
9/27/21,National Chocolate Milk Day,
9/27/21,National Crush a Can Day,
9/27/21,National Corned Beef Hash Day,
9/27/21,National Gay Men’s HIV/AIDS Awareness Day,
9/27/21,National Scarf Day,
9/28/21,National Drink Beer Day,
9/28/21,National Good Neighbor Day,
9/28/21,National Strawberry Cream Pie Day,
9/28/21,National North Carolina Day,
9/28/21,National Woman Road Warrior Day,
9/28/21,National Voter Registration Day,
9/29/21,National Coffee Day,
9/29/21,VFW Day,
9/29/21,National Women’s Health &amp; Fitness Day,
9/30/21,National Chewing Gum Day,
9/30/21,National Mud Pack Day,
9/30/21,National Hot Mulled Cider Day,
9/30/21,National Love People Day,
10/1/21,International Coffee Day,
10/1/21,National Hair Day,
10/1/21,Fire Pup Day,
10/1/21,National Homemade Cookies Day,
10/1/21,National Manufacturing Day,
10/1/21,National Body Language Day,
10/1/21,World Smile Day,
10/2/21,National Produce Misting Day *,
10/2/21,National Custodial Worker’s Recognition Day,
10/2/21,National Name Your Car Day,
10/2/21,National Fried Scallops Day,
10/3/21,National Boyfriend Day,
10/3/21,National Techies Day,
10/4/21,World Animal Day,
10/4/21,National Vodka Day,
10/4/21,National Taco Day,
10/4/21,National Golf Lover’s Day,
10/4/21,National Consignment Day,
10/5/21,National Get Funky Day,
10/5/21,National Rhode Island Day,
10/5/21,National Do Something Nice Day,
10/5/21,National Apple Betty Day,
10/6/21,National Orange Wine Day,
10/6/21,National Plus Size Appreciation Day,
10/6/21,National Mad Hatter Day,
10/6/21,National German-American Day,
10/6/21,National Noodle Day,
10/6/21,National Walk to School Day,
10/6/21,National Pumpkin Seed Day,
10/6/21,National Coffee with a Cop Day,
10/7/21,National LED Light Day,
10/7/21,National Frappe Day,
10/7/21,National Inner Beauty Day,
10/8/21,National Fluffernutter Day,
10/8/21,National Pierogi Day,
10/8/21,American Touch Tag Day,
10/9/21,National Pro-Life Cupcake Day,
10/9/21,National Moldy Cheese Day,
10/9/21,National Chess Day,
10/9/21,National Costume Swap Day,
10/9/21,National Motorcycle Ride Day,
10/9/21,I Love Yarn Day,
10/9/21,Astronomy Day,
10/10/21,National Angel Food Cake Day,
10/10/21,National Cake Decorating Day,
10/10/21,National Handbag Day,
10/10/21,Clergy Appreciation Day,
10/10/21,Pastor Appreciation Day,
10/11/21,National Coming Out Day,
10/11/21,National Sausage Pizza Day,
10/11/21,General Pulaski Memorial Day,
10/11/21,National Online Bank Day,
10/11/21,National Kick Butt Day,
10/12/21,National Savings Day,
10/12/21,National Vermont Day,
10/12/21,National Freethought Day,
10/12/21,National Farmer’s Day,
10/12/21,National Gumbo Day,
10/12/21,Ada Lovelace Day,
10/13/21,National No Bra Day,
10/13/21,National Train Your Brain Day,
10/13/21,National Yorkshire Pudding Day,
10/13/21,National Emergency Nurse’s Day,
10/13/21,National Bring Your Teddy Bear to Work/School Day,
10/13/21,National Stop Bullying Day,
10/13/21,National Fossil Day,
10/13/21,National Curves Day,
10/14/21,National Dessert Day,
10/14/21,Be Bald and Be Free Day,
10/15/21,National Aesthetician Day,
10/15/21,National Cheese Curd Day,
10/15/21,National I Love Lucy Day,
10/15/21,National Grouch Day,
10/15/21,National Latino AIDS Awareness Day,
10/15/21,National Pregnancy and Infant Loss Awareness Day,
10/15/21,National White Cane Safety Day,
10/15/21,National Mammography Day,
10/16/21,National Liqueur Day,
10/16/21,National Dictionary Day,
10/16/21,Department Store Day,
10/16/21,National Sweetest Day,
10/17/21,National Pasta Day,
10/17/21,National Edge Day,
10/17/21,National Mulligan Day,
10/18/21,National Chocolate Cupcake Day,
10/18/21,National No Beard Day,
10/18/21,National Clean Your Virtual Desktop Day,
10/19/21,National Kentucky Day,
10/19/21,National Seafood Bisque Day,
10/19/21,National LGBT Center Awareness Day,
10/19/21,Pro-Life Day of Silent Solidarity,
10/19/21,National Pharmacy Technician Day,
10/20/21,National Youth Confidence Day,
10/20/21,National Brandied Fruit Day,
10/20/21,BRA Day USA,
10/20/21,Hagfish Day,
10/20/21,Medical Assistants Recognition Day,
10/21/21,Apple Day,
10/21/21,National Pumpkin Cheesecake Day,
10/21/21,National Reptile Awareness Day,
10/21/21,Get to Know Your Customers Day,
10/21/21,National Get Smart About Credit Day,
10/22/21,National Nut Day,
10/22/21,National Make a Dog’s Day Day*,
10/22/21,National Color Day,
10/23/21,National Boston Cream Pie Day,
10/23/21,National Mole Day,
10/23/21,Swallows Depart from San Juan Capistrano Day,
10/23/21,iPod Day,
10/23/21,Make a Difference Day,
10/24/21,National Food Day,
10/24/21,National Bologna Day,
10/24/21,National Mother-in-Law Day,
10/25/21,National Greasy Food Day,
10/25/21,Sourest Day,
10/25/21,"Chucky, The Notorious Killer Doll Day",
10/26/21,National Pumpkin Day,
10/26/21,National Financial Crime Fighter Day,
10/26/21,National Tennessee Day,
10/26/21,National Day of the Deployed,
10/26/21,National Mule Day,
10/26/21,National Mincemeat Day,
10/27/21,National Black Cat Day,
10/27/21,National American Beer Day,
10/28/21,National Chocolate Day,
10/29/21,National Cat Day,
10/29/21,National Oatmeal Day,
10/29/21,National Hermit Day,
10/29/21,World Stroke Day,
10/29/21,National Pharmacy Buyer Day,
10/29/21,National Frankenstein Friday,
10/29/21,National Breadstick Day,
10/30/21,National Speak Up For Service Day,
10/30/21,National Publicist Day,
10/30/21,National Candy Corn Day,
10/31/21,National Doorbell Day,
10/31/21,National Caramel Apple Day,
10/31/21,National Knock-Knock Jokes Day,
10/31/21,National Magic Day,
10/31/21,Girl Scout Founder’s Day,
11/1/21,National Authors’ Day,
11/1/21,National Calzone Day,
11/1/21,National Family Literacy Day,
11/1/21,National Cook For Your Pets Day,
11/1/21,National Vinegar Day,
11/1/21,National Deep Fried Clams Day,
11/1/21,National Brush Day,
11/1/21,Color the World Orange Day,
11/1/21,Job Action Day,
11/2/21,Deviled Eggs Day,
11/2/21,National Deviled Egg Day,
11/2/21,National Ohio Day,
11/3/21,National Housewife’s Day,
11/3/21,National Sandwich Day,
11/3/21,National Stress Awareness Day,
11/4/21,National Chicken Lady Day,
11/4/21,National Candy Day,
11/4/21,National Men Make Dinner Day,
11/5/21,National Doughnut Day,
11/5/21,National Love Your Red Hair Day,
11/5/21,National Jersey Friday,
11/6/21,National Nachos Day,
11/6/21,Saxophone Day,
11/6/21,National Bison Day,
11/7/21,National Bittersweet Chocolate with Almonds Day,
11/7/21,National Canine Lymphoma Awareness Day,
11/7/21,Daylight Saving Time Ends,
11/8/21,National Cappuccino Day,
11/8/21,National Harvey Wallbanger Day,
11/8/21,National Parents as Teachers Day,
11/8/21,National STEM/STEAM Day,
11/9/21,National Scrapple Day,
11/9/21,Microtia Awareness Day,
11/9/21,National Louisiana Day,
11/10/21,National Forget-Me-Not Day,
11/10/21,National Vanilla Cupcake Day,
11/11/21,National Sundae Day,
11/12/21,National French Dip Day,
11/12/21,National Pizza with the Works Except Anchovies Day,
11/12/21,National Chicken Soup for the Soul Day,
11/13/21,World Kindness Day,
11/13/21,Sadie Hawkins Day,
11/13/21,National Indian Pudding Day,
11/14/21,Pickle Day,
11/14/21,National Spicy Guacamole Day,
11/15/21,America Recycles Day,
11/15/21,National Bundt (Pan) Day,
11/15/21,National Philanthropy Day,
11/15/21,National Clean Out Your Refrigerator Day,
11/15/21,National Spicy Hermit Cookie Day,
11/15/21,National Raisin Bran Cereal Day,
11/16/21,Fast Food Day,
11/16/21,National Button Day,
11/16/21,National Indiana Day,
11/17/21,National Baklava Day,
11/17/21,National Take A Hike Day,
11/17/21,National Homemade Bread Day,
11/17/21,National Educational Support Professionals Day,
11/18/21,Mickey Mouse Birthday,
11/18/21,National Princess Day,
11/18/21,National Vichyssoise Day,
11/18/21,Great American Smokeout,
11/18/21,National Rural Health Day,
11/19/21,National Carbonated Beverage With Caffeine Day,
11/19/21,National Play Monopoly Day,
11/20/21,National Peanut Butter Fudge Day,
11/20/21,National Absurdity Day,
11/20/21,National Adoption Day,
11/21/21,National Stuffing Day,
11/21/21,National Red Mitten Day,
11/22/21,National Cranberry Relish Day,
11/23/21,World Hello Day,
11/23/21,National Cashew Day,
11/23/21,National Eat a Cranberry Day,
11/23/21,National Espresso Day,
11/24/21,National Sardines Day,
11/24/21,National Jukebox Day,
11/24/21,Tie One On Day,
11/25/21,National Parfait Day,
11/25/21,Blase´Day,
11/25/21,Shopping Reminder Day,
11/25/21,National Day of Mourning,
11/25/21,Turkey-free Thanksgiving,
11/26/21,National Cake Day,
11/26/21,National Day of Listening,
11/26/21,Buy Nothing Day,
11/26/21,Flossing Day,
11/26/21,Maize Day,
11/26/21,You’re Welcomegiving Day,
11/27/21,National Bavarian Cream Pie Day,
11/27/21,National Craft Jerky Day,
11/28/21,National French Toast Day,
11/29/21,Electronic Greetings Day,
11/30/21,National Give Space Day *,
11/30/21,National Mason Jar Day,
11/30/21,National Mousse Day,
11/30/21,National Meth Awareness Day,
11/30/21,Computer Security Day,
11/30/21,Stay Home Because You’re Well Day,
11/30/21,National Mississippi Day,
12/1/21,National Eat a Red Apple Day,
12/1/21,Bifocals at the Monitor Liberation Day,
12/1/21,Day With(out) Art Day,
12/1/21,National Package Protection Day,
12/2/21,National Mutt Day,
12/2/21,National Fritters Day,
12/2/21,Special Education Day,
12/3/21,National Roof Over Your Head Day,
12/3/21,Faux Fur Friday,
12/4/21,National Cookie Day,
12/4/21,National Dice Day,
12/4/21,National Sock Day,
12/4/21,National Rhubarb Vodka Day,
12/4/21,Skywarn Recognition Day,
12/5/21,National Sacher Torte Day,
12/5/21,AFL-CIO Day,
12/5/21,Bathtub Party Day,
12/5/21,International Ninja Day,
12/6/21,National Pawnbrokers Day,
12/6/21,National Microwave Oven Day,
12/6/21,National Gazpacho Day,
12/6/21,St. Nicholas Day,
12/6/21,Miners’ Day,
12/7/21,National Pearl Harbor Remembrance Day,
12/7/21,National Illinois Day,
12/7/21,National Cotton Candy Day,
12/7/21,World Trick Shot Day,
12/8/21,National Brownie Day,
12/8/21,Pretend To Be A Time Traveler Day,
12/9/21,National Pastry Day,
12/9/21,Weary Willie Day,
12/10/21,Dewey Decimal System Day,
12/10/21,National Lager Day,
12/10/21,Nobel Prize Day,
12/10/21,National Salesperson Day,
12/11/21,National App Day,
12/11/21,National Noodle Ring Day,
12/11/21,National Wreaths Across America Day,
12/12/21,National Ambrosia Day,
12/12/21,National Ding-a-Ling Day,
12/12/21,Gingerbread House Day,
12/12/21,Poinsettia Day,
12/13/21,National Cocoa Day,
12/13/21,National Violin Day,
12/13/21,Pick A Pathologist Pal Day,
12/13/21,Green Monday,
12/14/21,National Bouillabaisse Day,
12/14/21,National Alabama Day,
12/14/21,Monkey Day,
12/14/21,Free Shipping Day,
12/15/21,National Cupcake Day,
12/15/21,National Cupcake/ Lemon Cupcake Day,
12/15/21,Bill of Rights Day,
12/15/21,Cat Herders Day,
12/15/21,National Wear Your Pearls Day,
12/16/21,National Chocolate-covered Anything Day,
12/16/21,Barbie and Barney Backlash Day,
12/17/21,National Maple Syrup Day,
12/17/21,National Ugly Christmas Sweater Day,
12/17/21,Underdog Day,
12/18/21,National Roast Suckling Pig Day,
12/18/21,Answer The Telephone Like Buddy The Elf Day,
12/19/21,National Hard Candy Day,
12/19/21,National Oatmeal Muffin Day,
12/20/21,National Sangria Day,
12/20/21,Mudd Day,
12/21/21,National French Fried Shrimp Day,
12/21/21,Crossword Puzzle Day,
12/21/21,Humbug Day,
12/21/21,National Maine Day,
12/21/21,Phileas Fogg Win A Wager Day,
12/21/21,National Flashlight Day,
12/21/21,National Homeless Persons’ Remembrance Day,
12/21/21,Yule,
12/22/21,National Date Nut Bread Day,
12/22/21,Forefathers Day,
12/23/21,National Pfeffernusse Day,
12/23/21,National Roots Day,
12/23/21,Festivus,
12/23/21,National Re-Gifting Day,
12/24/21,National Eggnog Day,
12/24/21,Christmas Eve,
12/25/21,National Pumpkin Pie Day,
12/25/21,A’Phabet Day or No “L” Day,
12/25/21,Christmas,
12/26/21,National Candy Cane Day,
12/26/21,National Thank-you Note Day,
12/26/21,National Whiner’s Day,
12/27/21,National Fruitcake Day,
12/28/21,National Short Film Day *,
12/28/21,National Chocolate Candy Day,
12/28/21,National Card Playing Day,
12/28/21,Holy Innocents Day,
12/28/21,Pledge of Allegiance Day,
12/29/21,National Pepper Pot Day,
12/29/21,Tick Tock Day,
12/30/21,National Bacon Day,
12/30/21,National Bicarbonate of Soda Day,
12/30/21,Falling Needles Family Fest Day,
12/31/21,National Champagne Day,
12/31/21,Make Up Your Mind Day,
12/31/21,No Interruptions Day,
,,
,,
,,
,,
,,